"0","temp4 <- dispatchAdvices %>%"
"0","  left_join(logDispatchAdvices, by = c('dispatchAdviceNumber' = 'logDispatchAdviceNumber'))"
"0",""
"0","no_logDispatchAdvice <- temp4 %>%"
"0","  filter(logDispatchAdviceState %>% is.na) %>%"
"0","  nrow()"
"0",""
"0","ANS4a <- round(no_logDispatchAdvice/nrow(temp4)*100,0)"
"0",""
"0","ANS4b <- temp4 %>%"
"0","  filter(logDispatchAdviceState %>% is.na) %>%"
"0","  mutate(diff_days = difftime(Sys.Date(), creationDate.x, units = 'days')) %>%"
"0","  summarise(mean_diff_days = round(mean(diff_days),0))"
