"0","temp2 <- orders %>%"
"0","  filter(orderState != 1) %>%"
"0","  left_join(dispatchAdviceSrc, by = 'idOrder') %>%"
"0","  left_join(dispatchAdvices, by = 'idDispatchAdvice')"
"0",""
"0","no_dispatchAdviceNumber <- temp2 %>%"
"0","  filter(dispatchAdviceNumber %>% is.na) %>%"
"0","  nrow()"
"0",""
"0","ANS2a <- round(no_dispatchAdviceNumber/nrow(temp2)*100,1)"
"0",""
"0","ANS2b <- temp2 %>%"
"0","  filter(dispatchAdviceNumber %>% is.na) %>%"
"0","  mutate(diff_days = difftime(Sys.Date(), orderDate, units = 'days')) %>%"
"0","  summarise(mean_diff_days = round(mean(diff_days),0))"
