{"chunk_definitions":[{"row":13,"row_count":1,"visible":true,"expansion_state":0,"options":{"engine":"r","label":"setup","include":false},"document_id":"59A5CF1D","chunk_id":"csetup_chunk","chunk_label":"setup"},{"row":69,"row_count":1,"visible":true,"expansion_state":0,"options":{"engine":"r","label":"pressure","echo":false},"document_id":"59A5CF1D","chunk_id":"c5hvk2ro93krp","chunk_label":"unnamed-chunk-6"},{"row":111,"row_count":1,"visible":true,"expansion_state":0,"options":{"engine":"r","echo":true,"label":"unnamed-chunk-4"},"document_id":"59A5CF1D","chunk_id":"cbv2djvexfub9","chunk_label":"unnamed-chunk-8"},{"row":164,"row_count":1,"visible":true,"expansion_state":0,"options":{"engine":"r","echo":true,"label":"unnamed-chunk-7"},"document_id":"59A5CF1D","chunk_id":"c85wnfucusm6f","chunk_label":"unnamed-chunk-11"},{"row":183,"row_count":1,"visible":true,"expansion_state":0,"options":{"engine":"r","echo":true,"label":"unnamed-chunk-9"},"document_id":"59A5CF1D","chunk_id":"c5348g46w2zt9","chunk_label":"unnamed-chunk-12"}],"doc_write_time":1600544643,"working_dir":null,"default_chunk_options":{"echo":false}}