"0","load_data <- function(.file){"
"0",""
"0","  .path <- 'c:/Users/ekamrowska/Desktop/Zadania - analityk DOC'"
"0","  readr::read_delim(file.path(.path, paste0(.file, '.csv')), delim = ';')"
"0","}"
"0",""
"0","give_barplot <- function(.tab, .subtitle){"
"0","  "
"0","  .tab %>% "
"0","  ggplot(aes(x = interval, y = N)) + "
"0","  geom_bar(stat = 'identity', fill = '#00008B') +"
"0","  theme_bw() + "
"0","  geom_text(aes(label = proc_interval), color = 'white', position = position_stack(vjust = 0.5), fontface = 'bold') + "
"0","  labs("
"0","    subtitle = .subtitle"
"0","  )"
"0","}"
"0",""
