{"chunk_definitions":[{"row":19,"row_count":1,"visible":true,"expansion_state":0,"options":{"engine":"r","include":false,"echo":false,"label":"unnamed-chunk-2"},"document_id":"AD2C26A2","chunk_id":"cle3sni6jiaj9","chunk_label":"unnamed-chunk-2"},{"row":41,"row_count":1,"visible":true,"expansion_state":0,"options":{"engine":"r","include":true,"label":"unnamed-chunk-7"},"document_id":"AD2C26A2","chunk_id":"c9swvum3ombb4","chunk_label":"unnamed-chunk-3"},{"row":48,"row_count":1,"visible":true,"expansion_state":0,"options":{"engine":"r","include":false,"label":"unnamed-chunk-4"},"document_id":"AD2C26A2","chunk_id":"cx9ip3h6mub47","chunk_label":"unnamed-chunk-4"}],"doc_write_time":1600595135}