{"chunk_definitions":[{"row":13,"row_count":1,"visible":true,"expansion_state":0,"options":{"engine":"r","label":"setup","include":false},"document_id":"59A5CF1D","chunk_id":"csetup_chunk","chunk_label":"setup"},{"row":34,"row_count":1,"visible":true,"expansion_state":0,"options":{"engine":"r","include":false,"label":"unnamed-chunk-13"},"document_id":"59A5CF1D","chunk_id":"cu3jb0r91n9ni","chunk_label":"unnamed-chunk-1"},{"row":84,"row_count":1,"visible":true,"expansion_state":0,"options":{"engine":"r","echo":true,"label":"unnamed-chunk-4"},"document_id":"59A5CF1D","chunk_id":"c5hvk2ro93krp","chunk_label":"unnamed-chunk-7"},{"row":108,"row_count":1,"visible":true,"expansion_state":0,"options":{"engine":"r","fig.align":"center","label":"unnamed-chunk-20"},"document_id":"59A5CF1D","chunk_id":"coel986frbl62","chunk_label":"unnamed-chunk-9"},{"row":131,"row_count":1,"visible":true,"expansion_state":0,"options":{"engine":"r","echo":true,"label":"unnamed-chunk-4"},"document_id":"59A5CF1D","chunk_id":"cbv2djvexfub9","chunk_label":"unnamed-chunk-10"},{"row":149,"row_count":1,"visible":true,"expansion_state":0,"options":{"engine":"r","echo":true,"label":"unnamed-chunk-10"},"document_id":"59A5CF1D","chunk_id":"chytpgbqcw18l","chunk_label":"unnamed-chunk-11"},{"row":188,"row_count":1,"visible":true,"expansion_state":0,"options":{"engine":"r","echo":true,"label":"unnamed-chunk-7"},"document_id":"59A5CF1D","chunk_id":"c85wnfucusm6f","chunk_label":"unnamed-chunk-14"},{"row":210,"row_count":1,"visible":true,"expansion_state":0,"options":{"engine":"r","echo":true,"label":"unnamed-chunk-9"},"document_id":"59A5CF1D","chunk_id":"c5348g46w2zt9","chunk_label":"unnamed-chunk-15"}],"doc_write_time":1603917623}