[{"name":"htmlwidgets","version":"1.5.1","src":{"file":"C:\/Users\/ekamrowska\/Documents\/R\/win-library\/4.0\/htmlwidgets\/www"},"meta":null,"script":"htmlwidgets.js","stylesheet":null,"head":null,"attachment":null,"package":null,"all_files":true},{"name":"jquery","version":"1.12.4","src":{"file":"C:\/Users\/ekamrowska\/Documents\/R\/win-library\/4.0\/DT\/htmlwidgets\/lib\/jquery"},"meta":null,"script":"jquery.min.js","stylesheet":null,"head":null,"attachment":null,"package":null,"all_files":true},{"name":"datatables-css","version":"0.0.0","src":{"file":"C:\/Users\/ekamrowska\/Documents\/R\/win-library\/4.0\/DT\/htmlwidgets\/css"},"meta":null,"script":null,"stylesheet":"datatables-crosstalk.css","head":null,"attachment":null,"package":null,"all_files":true},{"name":"datatables-binding","version":"0.15","src":{"file":"C:\/Users\/ekamrowska\/Documents\/R\/win-library\/4.0\/DT\/htmlwidgets"},"meta":null,"script":"datatables.js","stylesheet":null,"head":null,"attachment":null,"package":null,"all_files":false},{"name":"dt-core","version":"1.10.20","src":{"file":"C:\/Users\/ekamrowska\/Documents\/R\/win-library\/4.0\/DT\/htmlwidgets\/lib\/datatables"},"meta":null,"script":"js\/jquery.dataTables.min.js","stylesheet":["css\/jquery.dataTables.min.css","css\/jquery.dataTables.extra.css"],"head":null,"attachment":null,"package":null,"all_files":false},{"name":"jquery","version":"1.11.3","src":{"file":"lib\/jquery"},"meta":null,"script":"jquery.min.js","stylesheet":null,"head":null,"attachment":null,"package":"crosstalk","all_files":true},{"name":"crosstalk","version":"1.1.0.1","src":{"file":"www"},"meta":null,"script":"js\/crosstalk.min.js","stylesheet":"css\/crosstalk.css","head":null,"attachment":null,"package":"crosstalk","all_files":true}]
