"0","ANS3b <- temp3 %>%"
"0","  mutate(interval = ifelse(diff_min < 10, '< 10min',"
"0","                           ifelse(diff_min < 30, '< 30min',"
"0","                                  ifelse(diff_min < 60, '< 60min',"
"0","                                         ifelse(diff_min < 120, '< 120min',"
"0","                                                ifelse(diff_min < 180, '< 180min', 'powyżej 3h')))))) %>%"
"0","  count(interval) %>%"
"0","  mutate(proc_interval = paste0(round(n/sum(n)*100,0), '%')) %>% "
"0","  rename(N = n)"
"0",""
"0","render_table(ANS3b)"
