{"chunk_definitions":[{"row":13,"row_count":1,"visible":true,"expansion_state":0,"options":{"engine":"r","label":"setup","include":false},"document_id":"59A5CF1D","chunk_id":"csetup_chunk","chunk_label":"setup"},{"row":26,"row_count":1,"visible":true,"expansion_state":0,"options":{"engine":"r","include":false,"label":"unnamed-chunk-1"},"document_id":"59A5CF1D","chunk_id":"cu3jb0r91n9ni","chunk_label":"unnamed-chunk-1"},{"row":69,"row_count":1,"visible":true,"expansion_state":0,"options":{"engine":"r","echo":true,"label":"unnamed-chunk-5"},"document_id":"59A5CF1D","chunk_id":"c5hvk2ro93krp","chunk_label":"unnamed-chunk-6"},{"row":89,"row_count":1,"visible":true,"expansion_state":0,"options":{"engine":"r","echo":true,"label":"unnamed-chunk-38"},"document_id":"59A5CF1D","chunk_id":"ck20bb0iqqk9b","chunk_label":"unnamed-chunk-7"},{"row":100,"row_count":1,"visible":true,"expansion_state":0,"options":{"engine":"r","fig.align":"center","label":"unnamed-chunk-39"},"document_id":"59A5CF1D","chunk_id":"cqjawmsjid7xh","chunk_label":"unnamed-chunk-8"},{"row":123,"row_count":1,"visible":true,"expansion_state":0,"options":{"engine":"r","echo":true,"label":"unnamed-chunk-4"},"document_id":"59A5CF1D","chunk_id":"cbv2djvexfub9","chunk_label":"unnamed-chunk-9"},{"row":141,"row_count":1,"visible":true,"expansion_state":0,"options":{"engine":"r","echo":true,"label":"unnamed-chunk-36"},"document_id":"59A5CF1D","chunk_id":"chytpgbqcw18l","chunk_label":"unnamed-chunk-10"},{"row":156,"row_count":1,"visible":true,"expansion_state":0,"options":{"engine":"r","echo":true,"label":"unnamed-chunk-45"},"document_id":"59A5CF1D","chunk_id":"cz83bkue4bpp9","chunk_label":"unnamed-chunk-11"},{"row":167,"row_count":1,"visible":true,"expansion_state":0,"options":{"engine":"r","fig.align":"center","label":"unnamed-chunk-44"},"document_id":"59A5CF1D","chunk_id":"cc538jc59wyle","chunk_label":""},{"row":187,"row_count":1,"visible":true,"expansion_state":0,"options":{"engine":"r","echo":true,"label":"unnamed-chunk-7"},"document_id":"59A5CF1D","chunk_id":"c85wnfucusm6f","chunk_label":"unnamed-chunk-13"},{"row":209,"row_count":1,"visible":true,"expansion_state":0,"options":{"engine":"r","echo":true,"label":"unnamed-chunk-9"},"document_id":"59A5CF1D","chunk_id":"c5348g46w2zt9","chunk_label":"unnamed-chunk-14"}],"doc_write_time":1600588641,"working_dir":null,"default_chunk_options":{"echo":false}}