"0","temp5 <- logDispatchAdvices %>%"
"0","  filter(logDispatchAdviceState == 3) %>%"
"0","  left_join(dispatchAdvices %>%"
"0","              select(idDispatchAdvice, dispatchAdviceNumber),"
"0","            by = c('logDispatchAdviceNumber' = 'dispatchAdviceNumber')) %>%"
"0","  left_join(dispatchAdviceSrc %>%"
"0","              select(idOrder, idDispatchAdvice),"
"0","            by = 'idDispatchAdvice') %>%"
"0","  left_join(orders, by = 'idOrder') %>%"
"0","  filter(logDispatchAdviceState == 3 & orderState != 3)"
"0",""
"0","ANS5 <- round(nrow(temp5)/nrow(logDispatchAdvices %>% filter(logDispatchAdviceState == 3))*100,1)"
